国家级,generic,test
世界级,generic,test
最高级,generic,test
最佳,serious,test
最大,generic,test
第一,serious,test
唯一,generic,test
首个,generic,test
首选,generic,test
最好,serious,test
最大,generic,test
精确,generic,test
顶级,generic,test
最高,generic,test
最低,generic,test
最,generic,test
最具,generic,test
最便宜,serious,test
最新,generic,test
最先进,generic,test
最大程度,generic,test
最新技术,generic,test
最先进科学,serious,test
国家级产品,generic,test
填补国内空白,generic,test
绝对,generic,test
独家,generic,test
首家,serious,test
最新,generic,test
最先进,serious,test
第一品牌,generic,test
金牌,generic,test
名牌,generic,test
优秀,generic,test
最先,generic,test
顶级,generic,test
独家,generic,test
全网销量第一,generic,test
全球首发,generic,test
全国首家,serious,test
全网首发,generic,test
世界领先,generic,test
顶级工艺,generic,test
最新科学,generic,test
最新技术,generic,test
最先进加工工艺,generic,test
最时尚,generic,test
极品,generic,test
顶级,generic,test
顶尖,generic,test
终极,generic,test
最受欢迎,generic,test
王牌,generic,test
销量冠军,generic,test
第一,generic,test
NO.1,generic,test
Top1,generic,test
极致,generic,test
永久,generic,test
王牌,generic,test
掌门人,generic,test
领袖品牌,generic,test
独一无二,generic,test
独家,generic,test
绝无仅有,generic,test
前无古人,generic,test
史无前例,generic,test